Location,URL
Bedford,"<a href=""https://t.co/50peFqPW6r"">https://t.co/50peFqPW6r</a>"
Bedford,"<a href=""https://t.co/VO5Z6J60mz"">https://t.co/VO5Z6J60mz</a>"
Bedford,"<a href=""https://t.co/6kiJks1IR2"">https://t.co/6kiJks1IR2</a>"
Bedford,"<a href=""https://t.co/uTBWrMfJhD"">https://t.co/uTBWrMfJhD</a>"
Bedford,"<a href=""https://t.co/kPZgfhqNmO"">https://t.co/kPZgfhqNmO</a>"
Bedford,"<a href=""https://t.co/EhmjnfYumZ"">https://t.co/EhmjnfYumZ</a>"
Bedford,"<a href=""https://t.co/bi0y7v6dCS"">https://t.co/bi0y7v6dCS</a>"
Bedford,"<a href=""https://t.co/f8y5MebwAx"">https://t.co/f8y5MebwAx</a>"
Eversholt,"<a href=""https://t.co/2VHCWjuoAl"">https://t.co/2VHCWjuoAl</a>"
Luton,"<a href=""https://t.co/J9WRnz3qVd"">https://t.co/J9WRnz3qVd</a>"
Luton,"<a href=""https://t.co/CUrPHznyU0"">https://t.co/CUrPHznyU0</a>"
Luton,"<a href=""https://t.co/RWPj4KFhFk"">https://t.co/RWPj4KFhFk</a>"
